<?xml version="1.0" encoding="utf-8" standalone="yes"?>
<rss version="2.0" xmlns:atom="http://www.w3.org/2005/Atom">
  <channel>
    <title>Tags on </title>
    <link>/tags/</link>
    <description>Recent content in Tags on </description>
    <generator>Hugo</generator>
    <language>en-us</language>
    <managingEditor>test@example.com (Web Author)</managingEditor>
    <webMaster>test@example.com (Web Author)</webMaster>
    <atom:link href="/tags/index.xml" rel="self" type="application/rss+xml" />
  </channel>
</rss>
