<?xml version="1.0" encoding="utf-8" standalone="yes"?>
<rss version="2.0" xmlns:atom="http://www.w3.org/2005/Atom">
  <channel>
    <title>Announcements on </title>
    <link>/announcements/</link>
    <description>Recent content in Announcements on </description>
    <generator>Hugo</generator>
    <language>en-us</language>
    <managingEditor>test@example.com (Web Author)</managingEditor>
    <webMaster>test@example.com (Web Author)</webMaster>
    <lastBuildDate>Sun, 07 Jul 2024 21:23:56 -0400</lastBuildDate>
    <atom:link href="/announcements/index.xml" rel="self" type="application/rss+xml" />
    <item>
      <title>First_announcement</title>
      <link>/announcements/first_announcement/</link>
      <pubDate>Sun, 07 Jul 2024 21:23:56 -0400</pubDate><author>test@example.com (Web Author)</author>
      <guid>/announcements/first_announcement/</guid>
      <description></description>
    </item>
  </channel>
</rss>
